,sum_sq,df,F,PR(>F),partial_eta_sq
C(rewrite),68.67224845317085,5.0,50299.92787656123,0.0,0.9986182121823622
C(opt),0.0001172031176962384,1.0,0.42923513499409094,0.5127973262666834,0.0012319148099836964
C(rewrite):C(opt),0.0027478809351342707,5.0,2.012722984378261,0.07627786465126886,0.028105661962013653
Residual,0.09502177625522769,348.0,,,0.5
