,sum_sq,df,F,PR(>F),partial_eta_sq
C(rewrite),115.87847688567231,4.0,447687.61484345957,0.0,0.9998380829430836
C(opt),1.326647160398315e-05,1.0,0.2050159853459397,0.65104074402198,0.0007064522460090493
C(rewrite):C(opt),0.00024246568707947405,4.0,0.936747600135326,0.4429415696302331,0.01275584269112702
Residual,0.018765740430743968,290.0,,,0.5
