,sum_sq,df,F,PR(>F),partial_eta_sq
C(rewrite),135.51361421238383,4.0,538889.3283982557,0.0,0.9998654821247445
C(opt),9.979760364318923e-06,1.0,0.1587437953466344,0.6906088959794103,0.0005470929232399723
C(rewrite):C(opt),0.00013944146571705454,4.0,0.554508993416434,0.6958819192286396,0.007590345908236896
Residual,0.01823145590876694,290.0,,,0.5
