dataset,rewrite_label,N_std,N_noopt,mean_std_ms,mean_noopt_ms,median_std_ms,median_noopt_ms,welch_t,welch_p,cohens_d,mwu_p,cliffs_delta,delta_mean_pct,delta_median_pct
data_5000nodes_0p1density,0_origineel_programma_bounded_negation_voor_herschrijving,30,30,10892.157533333333,10870.407166666666,10894.135,10856.171,0.6157862676155176,0.5413967617509954,0.15693045619624016,0.5201446121616038,0.09777777777777778,0.20008787465994882,0.34969972377922875
data_5000nodes_0p1density,3_unfolding,30,30,36532.45063333333,36547.60366666666,36492.964,36575.6705,-0.26663151857355893,0.7907010666228216,-0.06794988463784712,0.641423522520332,-0.07111111111111111,-0.041461085852689816,-0.22612435772024764
data_5000nodes_0p1density,4_overbodige_regels_en_conflicten_in_inequalities_weggehaald,30,30,36657.29993333333,36651.48359999999,36647.846000000005,36675.036,0.10253857522503758,0.9187056665896925,0.02613151061339474,0.7618283459354748,-0.04666666666666667,0.015869298489556982,-0.07413762320505057
data_5000nodes_0p1density,5_adoms_weggehaald,30,30,36553.754766666665,36558.6883,36563.6895,36521.6695,-0.10400679366032907,0.9175598232683195,-0.02650567970576217,0.9941019213254952,0.0022222222222222222,-0.013494831359517345,0.11505498126256342
data_5000nodes_0p1density,7_original_unfolded,30,30,9747.326633333332,9782.994166666667,9740.9155,9765.705,-1.6869838891819802,0.09737947317137523,-0.4299205182833542,0.22823006680742364,-0.18222222222222223,-0.3645870857703626,-0.2538424005230633
