dataset,rewrite_label,N_std,N_noopt,mean_std_ms,mean_noopt_ms,median_std_ms,median_noopt_ms,welch_t,welch_p,cohens_d,mwu_p,cliffs_delta,delta_mean_pct,delta_median_pct
data_5000nodes_0p2density,0_origineel_programma_bounded_negation_voor_herschrijving,30,30,21849.584399999996,21827.623533333335,21825.305500000002,21840.575,0.5023064510632923,0.6176363770209901,0.12801061774390632,0.8418014501581275,-0.03111111111111111,0.1006104335322,-0.06991345237018498
data_5000nodes_0p2density,3_unfolding,30,30,80834.6941,80977.72353333334,80885.8855,80975.156,-1.4872186324681997,0.14261950464240253,-0.3790112101078976,0.23984999119107964,-0.17777777777777778,-0.17662812325721644,-0.11024430752563097
data_5000nodes_0p2density,4_overbodige_regels_en_conflicten_in_inequalities_weggehaald,30,30,80966.13666666669,81155.66489999999,81043.371,80987.3455,-0.8059612282226761,0.42577649765098025,-0.20539571905562146,0.7505872315223063,0.04888888888888889,-0.23353666508288962,0.06917809153283994
data_5000nodes_0p2density,5_adoms_weggehaald,30,30,80838.97843333334,80771.30820000001,80824.602,80709.34349999999,0.41807488671227067,0.6774518862972007,0.10654456935196317,0.5692201637415295,0.08666666666666667,0.08378003878031226,0.14280688579757506
data_5000nodes_0p2density,7_original_unfolded,30,30,19376.618033333332,19369.26523333333,19362.1695,19377.177499999998,0.20476007539084462,0.8384849204940549,0.05218221602487068,0.8418014501581275,-0.03111111111111111,0.03796117153347378,-0.07745194056254512
