dataset,rewrite_label,N_std,N_noopt,mean_std_ms,mean_noopt_ms,median_std_ms,median_noopt_ms,welch_t,welch_p,cohens_d,mwu_p,cliffs_delta,delta_mean_pct,delta_median_pct
data_5000nodes_0p02density,0_origineel_programma_bounded_negation_voor_herschrijving,30,30,2769.6137999999996,2734.8757333333338,2749.4764999999998,2723.1705,1.9294408936829692,0.05869182631615332,0.4917096329897427,0.061451911011256986,0.2822222222222222,1.2701881201865994,0.9660063517873629
data_5000nodes_0p02density,3_unfolding,30,30,6497.652533333335,6510.776333333333,6497.8805,6473.3060000000005,-0.5600692441736719,0.5776184362793917,-0.1427312147281196,0.8999950372363642,-0.02,-0.2015704322817613,0.37962827649427044
data_5000nodes_0p02density,4_overbodige_regels_en_conflicten_in_inequalities_weggehaald,30,30,6514.7068333333345,6527.991433333333,6497.5465,6516.668,-0.606994315818918,0.5462962077420925,-0.15468986546069421,0.6520436224006357,-0.06888888888888889,-0.20350210529020973,-0.2934244923939566
data_5000nodes_0p02density,5_adoms_weggehaald,30,30,6490.1984999999995,6495.0398,6465.130999999999,6472.97,-0.21859377727590304,0.8278376664823008,-0.055707674876220845,0.4825169043645008,-0.10666666666666667,-0.07453841930268323,-0.1211036046822489
data_5000nodes_0p02density,6_laatste_optimalisaties,30,30,7223.0040333333345,7251.756,7199.389,7257.4175,-0.8699710744907864,0.3879121194876348,-0.22170835040870915,0.4119108371475996,-0.12444444444444444,-0.39648281970140475,-0.7995750554518843
data_5000nodes_0p02density,7_original_unfolded,30,30,2570.1409666666673,2562.0982666666664,2557.9085,2558.346,0.9138357156296825,0.36496613080697626,0.2328870637169269,0.7618283459354748,0.04666666666666667,0.31391067644195303,-0.017100892529786638
